AL,4,00,04,,,
AL,5,05,09,,,
AL,6,10,14,,,
AL,7,15,19,,,
AL,8,20,24,,,
AL,9,25,29,,,
AL,10,30,34,,,
AL,11,35,39,,,
AL,12,40,44,,,
AL,13,45,49,,,
AL,14,50,54,,,
AL,15,55,59,,,
AL,16,60,64,,,
AL,17,65,69,,,
AL,18,70,71,,,
AL,19,75,79,,,
AL,20,80,84,,,
AL,21,85,89,,,
AL,22,90,94,,,
AL,23,95,99,,,
AK,1,,,,,
AZ,1,A,B,,,
AZ,2,C,D,,,
AZ,3,E,F,,,
AZ,4,G,H,,,
AZ,5,I,J,,,
AZ,6,K,L,,,
AZ,7,M,N,,,
AZ,8,O,P,,,
AZ,9,Q,R,,,
AZ,10,S,T,,,
AZ,11,U,V,,,
AZ,12,W,X,,,
AZ,13,Y,Z,,,
AR,4,0,1,,,
AR,5,2,3,,,
AR,8,4,,,,
AR,9,5,,,,
AR,10,6,,,,
AR,11,7,,,,
AR,12,8,,,,
AR,13,9,,,,
CA,1,1,,,,
CA,2,2,,,,
CA,3,3,,,,
CA,4,4,,,,
CA,5,5,,,,
CA,6,6,,,,
CA,7,7,,,,
CA,8,8,,,,
CA,9,9,,,,
CA,10,10,,,,
CO,1,1,,,,
CO,2,2,,,,
CO,3,3,,,,
CO,4,4,,,,
CO,5,5,,,,
CO,6,6,,,,
CO,7,7,,,,
CO,8,8,,,,
CO,9,9,,,,
CO,10,0,,,,
CT,1,A,F,,,
CT,2,G,N,,,
CT,3,O,Z,,,
DE,2,A,,,,
DE,3,B,,,,
DE,4,C,,,,
DE,5,D,,,,
DE,6,E,,,,
DE,7,F,,,,
DE,8,G,,,,
DE,9,H,,,,
DE,10,I,,,,
DE,11,J,,,,
DE,12,K,,,,
DE,13,L,,,,
DE,14,M,,,,
DE,15,N,,,,
DE,16,O,,,,
DE,17,P,,,,
DE,18,Q,R,,,
DE,19,S,,,,
DE,20,T,,,,
DE,21,U,V,,,
DE,22,W,,,,
DE,23,X,Z,,,
DC,1,A,B,,,
DC,2,C,,,,
DC,3,D,F,,,
DC,4,G,H,,,
DC,5,I,K,,,
DC,6,L,M,,,
DC,7,N,Q,,,
DC,8,R,S,,,
DC,9,T,V,,,
DC,10,W,Z,,,
FL,1,00,03,,,
FL,2,04,06,,,
FL,3,07,10,,,
FL,4,11,13,,,
FL,5,14,17,,,
FL,6,18,20,,,
FL,7,21,24,,,
FL,8,25,27,,,
FL,9,28,31,,,
FL,10,32,34,,,
FL,11,35,38,,,
FL,12,39,41,,,
FL,13,42,45,,,
FL,14,46,48,,,
FL,15,49,53,,,
FL,16,54,57,,,
FL,17,58,60,,,
FL,18,61,64,,,
FL,19,65,67,,,
FL,20,68,71,,,
FL,21,72,74,,,
FL,22,75,78,,,
FL,23,79,81,,,
FL,24,82,85,,,
FL,25,86,88,,,
FL,26,89,92,,,
FL,27,93,95,,,
FL,28,96,99,,,
GA,5,00,09,,,
GA,7,10,19,,,
GA,9,20,29,,,
GA,11,30,39,,,
GA,13,40,49,,,
GA,15,50,59,,,
GA,17,60,69,,,
GA,19,70,79,,,
GA,21,80,89,,,
GA,23,90,99,,,
GU,1,1,,,,
GU,2,2,,,,
GU,3,3,,,,
GU,4,4,,,,
GU,5,5,,,,
GU,6,6,,,,
GU,7,7,,,,
GU,8,8,,,,
GU,9,9,,,,
GU,10,0,,,,
HI,3,A,I,,,
HI,5,J,Z,,,
ID,1,1,,,,
ID,2,2,,,,
ID,3,3,,,,
ID,4,4,,,,
ID,5,5,,,,
ID,6,6,,,,
ID,7,7,,,,
ID,8,8,,,,
ID,9,9,,,,
ID,10,0,,,,
IL,1,1,,,,
IL,3,2,,,,
IL,4,3,,,,
IL,5,4,,,,
IL,6,5,,,,
IL,7,6,,,,
IL,8,7,,,,
IL,9,8,,,,
IL,10,9,,,,
IL,13,0,,,,
IN,5,A,B,,,
IN,7,C,D,,,
IN,9,E,G,,,
IN,11,H,I,,,
IN,13,J,L,,,
IN,15,M,O,,,
IN,17,O,R,,,
IN,19,S,,,,
IN,21,T,V,,,
IN,23,W,Z,,,
IA,1,A,B,,,
IA,2,C,D,,,
IA,3,E,G,,,
IA,4,H,I,,,
IA,5,J,L,,,
IA,6,M,O,,,
IA,7,P,R,,,
IA,8,S,,,,
IA,9,T,V,,,
IA,10,W,Z,,,
KS,1,A,B,,,
KS,2,C,D,,,
KS,3,E,G,,,
KS,4,H,J,,,
KS,5,K,L,,,
KS,6,M,,,,
KS,7,N,R,,,
KS,8,S,,,,
KS,9,T,V,,,
KS,10,W,Z,,,
KY,1,0,,,,
KY,3,1,,,,
KY,5,2,,,,
KY,7,3,,,,
KY,9,4,,,,
KY,11,5,,,,
KY,13,6,,,,
KY,15,7,,,,
KY,17,8,,,,
KY,19,9,,,,
LA,1,*ED,,,,
LA,2,*ED,,,,
LA,3,*ED,,,,
LA,4,*ED,,,,
LA,5,0,,,,
LA,6,1,,,,
LA,7,2,,,,
LA,8,3,,,,
LA,9,4,,,,
LA,10,5,,,,
LA,11,6,,,,
LA,12,7,,,,
LA,13,8,,,,
LA,14,9,,,,
ME,10,0,9,,,
ME,11,1,8,,,
ME,12,2,3,,,
ME,13,4,7,,,
ME,14,5,6,,,
MD,4,AAA,BAO,,,
MD,5,BAP,BQZ,,,
MD,6,BRA,CAQ,,,
MD,7,CAR,COQ,,,
MD,8,COR,DIZ,,,
MD,9,DJA,FIS,,,
MD,10,FIT,GON,,,
MD,11,GOO,HAX,,,
MD,12,HAY,JAB,,,
MD,13,JAC,KIM,,,
MD,14,KIN,LOX,,,
MD,15,LOY,MCO,,,
MD,16,MCP,NEF,,,
MD,17,NEG,PGZ,,,
MD,18,PHA,RIC,,,
MD,19,RID,SDZ,,,
MD,20,SEA,STC,,,
MD,21,STD,TRA,,,
MD,22,TRB,WES,,,
MD,23,WET,ZZZ,,,
MA,1,0,,,,
MA,2,1,,,,
MA,4,2,,,,
MA,5,3,,,,
MA,7,4,,,,
MA,8,5,,,,
MA,10,6,,,,
MA,11,7,,,,
MA,13,8,,,,
MA,14,9,,,,
MI,3,0,,,,
MI,5,1,,,,
MI,7,2,,,,
MI,9,3,,,,
MI,11,4,,,,
MI,13,5,,,,
MI,15,6,,,,
MI,17,7,,,,
MI,19,8,,,,
MI,21,9,,,,
MN,4,4,,,,
MN,5,5,,,,
MN,6,6,,,,
MN,7,7,,,,
MN,8,8,,,,
MN,9,9,,,,
MN,10,0,,,,
MN,11,1,,,,
MN,12,2,,,,
MN,13,3,,,,
MO,1,1,A,K,,
MO,2,1,L,Z,,
MO,3,2,A,K,,
MO,4,2,L,Z,,
MO,5,3,A,K,,
MO,6,3,L,Z,,
MO,7,4,A,Z,,
MO,8,5,A,K,,
MO,9,5,L,Z,,
MO,10,6,A,K,,
MO,11,6,L,Z,,
MO,12,7,A,K,,
MO,13,7,L,Z,,
MO,14,8,A,K,,
MO,15,8,L,Z,,
MO,16,9,A,K,,
MO,17,9,L,Z,,
MO,18,10,A,K,,
MO,19,10,L,Z,,
MO,20,11,A,K,,
MO,21,11,L,Z,,
MO,22,12,A,Z,,
MS,4,00,04,,,
MS,5,05,10,,,
MS,6,11,16,,,
MS,7,17,22,,,
MS,8,23,28,,,
MS,9,29,34,,,
MS,10,35,40,,,
MS,11,41,46,,,
MS,12,47,52,,,
MS,13,53,58,,,
MS,14,59,64,,,
MS,15,65,69,,,
MS,16,70,74,,,
MS,17,75,79,,,
MS,18,80,84,,,
MS,19,85,89,,,
MS,20,90,94,,,
MS,21,95,99,,,
MT,2,0,1,,,
MT,3,2,3,,,
MT,4,4,5,,,
MT,5,6,7,,,
MT,6,8,9,,,
NE,1,1,2,,,
NE,2,3,4,,,
NE,3,5,6,,,
NE,4,7,8,,,
NE,5,9,0,,,
NJ,1,1,2,,,
NJ,2,3,4,,,
NJ,3,5,6,,,
NJ,4,7,8,,,
NJ,5,9,0,,,
NM,1,11,31,51,71,91
NM,2,01,21,41,61,81
NM,3,12,32,52,72,92
NM,4,02,22,42,62,82
NM,5,12,33,53,73,93
NM,6,03,23,43,63,83
NM,7,14,34,54,74,92
NM,8,04,24,44,64,84
NM,9,15,35,55,75,95
NM,10,05,25,45,65,85
NM,11,16,36,56,76,96
NM,12,06,26,46,66,86
NM,13,17,37,57,77,97
NM,14,07,27,47,67,87
NM,15,18,38,58,78,98
NM,16,08,28,48,68,88
NM,17,19,39,59,79,99
NM,18,09,29,49,69,89
NM,19,10,30,50,70,90
NM,20,00,20,40,60,80
NY,1,0,1,,,
NY,2,2,,,,
NY,3,3,,,,
NY,4,4,,,,
NY,5,5,,,,
NY,6,6,,,,
NY,7,7,,,,
NY,8,8,,,,
NY,9,9,,,,
NC,3,1,,,,
NC,5,2,,,,
NC,7,3,,,,
NC,9,4,,,,
NC,11,5,,,,
NC,13,6,,,,
NC,15,7,,,,
NC,17,8,,,,
NC,19,9,,,,
NC,21,0,,,,
NV,1,,,,,
NH,1,,,,,
ND,1,,,,,
OH,2,0,,,,
OH,4,1,,,,
OH,6,2,,,,
OH,8,3,,,,
OH,10,4,,,,
OH,12,5,,,,
OH,14,6,,,,
OH,16,7,,,,
OH,18,8,,,,
OH,20,9,,,,
OK,1,0,3,,,
OK,5,4,6,,,
OK,10,7,9,,,
OR,1,0,1,,,
OR,2,2,,,,
OR,3,3,,,,
OR,4,4,,,,
OR,5,5,,,,
OR,6,6,,,,
OR,7,7,,,,
OR,8,8,,,,
OR,9,9,,,,
PA,1,1,,,,
PA,2,2,,,,
PA,3,3,,,,
PA,4,4,,,,
PA,5,5,,,,
PA,8,6,,,,
PA,9,7,,,,
PA,10,8,,,,
PA,11,9,,,,
PA,12,0,,,,
PR,4,0,,,,
PR,6,1,,,,
PR,8,2,,,,
PR,10,3,,,,
PR,12,4,,,,
PR,14,5,,,,
PR,16,6,,,,
PR,18,7,,,,
PR,20,8,,,,
PR,22,9,,,,
RI,1,,,,,
SC,1,1,**,,,
SC,2,2,,,,
SC,3,3,,,,
SC,4,4,,,,
SC,5,5,,,,
SC,6,6,,,,
SC,7,7,,,,
SC,8,8,,,,
SC,9,9,,,,
SC,10,0,,,,
SD,1,,,,,
TN,1,00,04,,,
TN,2,05,09,,,
TN,3,10,14,,,
TN,4,15,19,,,
TN,5,20,24,,,
TN,6,25,29,,,
TN,7,30,34,,,
TN,8,35,39,,,
TN,9,40,44,,,
TN,10,45,49,,,
TN,11,50,54,,,
TN,12,55,59,,,
TN,13,60,64,,,
TN,14,65,69,,,
TN,15,70,71,,,
TN,16,75,79,,,
TN,17,80,84,,,
TN,18,85,89,,,
TN,19,90,94,,,
TN,20,95,99,,,
TX,1,0,,,,
TX,3,1,,,,
TX,5,2,,,,
TX,6,3,,,,
TX,7,4,,,,
TX,9,5,,,,
TX,11,6,,,,
TX,12,7,,,,
TX,13,8,,,,
TX,15,9,,,,
UT,5,A,G,,,
UT,11,H,O,,,
UT,15,P,Z,,,
VA,1,0,3,,,
VA,4,4,5,,,
VA,7,6,7,,,
VA,9,8,9,,,
VI,1,,,,,
VT,1,,,,,
WV,1,B,X,Y,Z,
WV,2,C,F,,,
WV,3,H,N,V,,
WV,4,I,M,O,U,
WV,5,Q,S,,,
WV,6,A,W,,,
WV,7,J,K,P,,
WV,8,D,E,R,,
WV,9,G,L,T,,
WI,2,0,,,,
WI,3,1,,,,
WI,5,2,,,,
WI,6,3,,,,
WI,8,4,,,,
WI,9,5,,,,
WI,11,6,,,,
WI,12,7,,,,
WI,14,8,,,,
WI,15,9,,,,
WY,1,A,D,,,
WY,2,E,K,,,
WY,3,L,R,,,
WY,4,S,Z,,,
WA,1,0,,,,
WA,2,1,,,,
WA,3,2,,,,
WA,4,3,,,,
WA,5,4,,,,
WA,6,5,,,,
WA,7,6,,,,
WA,8,7,,,,
WA,9,8,,,,
WA,10,9,,,,
