Alabama,4,00,04,,,
Alabama,5,05,09,,,
Alabama,6,10,14,,,
Alabama,7,15,19,,,
Alabama,8,20,24,,,
Alabama,9,25,29,,,
Alabama,10,30,34,,,
Alabama,11,35,39,,,
Alabama,12,40,44,,,
Alabama,13,45,49,,,
Alabama,14,50,54,,,
Alabama,15,55,59,,,
Alabama,16,60,64,,,
Alabama,17,65,69,,,
Alabama,18,70,71,,,
Alabama,19,75,79,,,
Alabama,20,80,84,,,
Alabama,21,85,89,,,
Alabama,22,90,94,,,
Alabama,23,95,99,,,
Arizona,1,A,B,,,
Arizona,2,C,D,,,
Arizona,3,E,F,,,
Arizona,4,G,H,,,
Arizona,5,I,J,,,
Arizona,6,K,L,,,
Arizona,7,M,N,,,
Arizona,8,O,P,,,
Arizona,9,Q,R,,,
Arizona,10,S,T,,,
Arizona,11,U,V,,,
Arizona,12,W,X,,,
Arizona,13,Y,Z,,,
Arkansas,4,0,1,,,
Arkansas,5,2,3,,,
Arkansas,8,4,,,,
Arkansas,9,5,,,,
Arkansas,10,6,,,,
Arkansas,11,7,,,,
Arkansas,12,8,,,,
Arkansas,13,9,,,,
California,1,1,,,,
California,2,2,,,,
California,3,3,,,,
California,4,4,,,,
California,5,5,,,,
California,6,6,,,,
California,7,7,,,,
California,8,8,,,,
California,9,9,,,,
California,10,10,,,,
Colorado,1,1,,,,
Colorado,2,2,,,,
Colorado,3,3,,,,
Colorado,4,4,,,,
Colorado,5,5,,,,
Colorado,6,6,,,,
Colorado,7,7,,,,
Colorado,8,8,,,,
Colorado,9,9,,,,
Colorado,10,0,,,,
Connecticut,1,A,F,,,
Connecticut,2,G,N,,,
Connecticut,3,O,Z,,,
Delaware,2,A,,,,
Delaware,3,B,,,,
Delaware,4,C,,,,
Delaware,5,D,,,,
Delaware,6,E,,,,
Delaware,7,F,,,,
Delaware,8,G,,,,
Delaware,9,H,,,,
Delaware,10,I,,,,
Delaware,11,J,,,,
Delaware,12,K,,,,
Delaware,13,L,,,,
Delaware,14,M,,,,
Delaware,15,N,,,,
Delaware,16,O,,,,
Delaware,17,P,,,,
Delaware,18,Q,R,,,
Delaware,19,S,,,,
Delaware,20,T,,,,
Delaware,21,U,V,,,
Delaware,22,W,,,,
Delaware,23,X,Z,,,
DC,1,A,B,,,
DC,2,C,,,,
DC,3,D,F,,,
DC,4,G,H,,,
DC,5,I,K,,,
DC,6,L,M,,,
DC,7,N,Q,,,
DC,8,R,S,,,
DC,9,T,V,,,
DC,10,W,Z,,,
Florida,1,0,3,,,
Florida,2,4,6,,,
Florida,3,7,10,,,
Florida,4,11,13,,,
Florida,5,14,17,,,
Florida,6,18,20,,,
Florida,7,21,24,,,
Florida,8,25,27,,,
Florida,9,28,31,,,
Florida,10,32,34,,,
Florida,11,35,38,,,
Florida,12,39,41,,,
Florida,13,42,45,,,
Florida,14,46,48,,,
Florida,15,49,53,,,
Florida,16,54,57,,,
Florida,17,58,60,,,
Florida,18,61,64,,,
Florida,19,65,67,,,
Florida,20,68,71,,,
Florida,21,72,74,,,
Florida,22,75,78,,,
Florida,23,79,81,,,
Florida,24,82,85,,,
Florida,25,86,88,,,
Florida,26,89,92,,,
Florida,27,93,95,,,
Florida,28,96,99,,,
Georgia,5,0,9,,,
Georgia,7,10,19,,,
Georgia,9,20,29,,,
Georgia,11,30,39,,,
Georgia,13,40,49,,,
Georgia,15,50,59,,,
Georgia,17,60,69,,,
Georgia,19,70,79,,,
Georgia,21,80,89,,,
Georgia,23,90,99,,,
Guam,1,1,,,,
Guam,2,2,,,,
Guam,3,3,,,,
Guam,4,4,,,,
Guam,5,5,,,,
Guam,6,6,,,,
Guam,7,7,,,,
Guam,8,8,,,,
Guam,9,9,,,,
Guam,10,0,,,,
Hawaii,3,A,I,,,
Hawaii,5,J,Z,,,
Idaho,1,1,,,,
Idaho,2,2,,,,
Idaho,3,3,,,,
Idaho,4,4,,,,
Idaho,5,5,,,,
Idaho,6,6,,,,
Idaho,7,7,,,,
Idaho,8,8,,,,
Idaho,9,9,,,,
Idaho,10,0,,,,
Illinois,1,type of case and case name,,,,
Illinois,3,,,,,
Illinois,4,,,,,
Illinois,5,,,,,
Illinois,6,,,,,
Illinois,7,,,,,
Illinois,8,,,,,
Illinois,9,,,,,
Illinois,10,,,,,
Illinois,13,,,,,
Illinois,17,,,,,
Illinois,20,,,,,
Indiana,5,A,B,,,
Indiana,7,C,D,,,
Indiana,9,E,G,,,
Indiana,11,H,I,,,
Indiana,13,J,L,,,
Indiana,15,M,O,,,
Indiana,17,O,R,,,
Indiana,19,S,,,,
Indiana,21,T,V,,,
Indiana,23,W,Z,,,
Iowa,1,A,B,,,
Iowa,2,C,D,,,
Iowa,3,E,G,,,
Iowa,4,H,I,,,
Iowa,5,J,L,,,
Iowa,6,M,O,,,
Iowa,7,P,R,,,
Iowa,8,S,,,,
Iowa,9,T,V,,,
Iowa,10,W,Z,,,
Kansas,1,A,B,,,
Kansas,2,C,D,,,
Kansas,3,E,G,,,
Kansas,4,H,J,,,
Kansas,5,K,L,,,
Kansas,6,M,,,,
Kansas,7,N,R,,,
Kansas,8,S,,,,
Kansas,9,T,V,,,
Kansas,10,W,Z,,,
Kentuky,1,0,,,,
Kentuky,3,1,,,,
Kentuky,5,2,,,,
Kentuky,7,3,,,,
Kentuky,9,4,,,,
Kentuky,11,5,,,,
Kentuky,13,6,,,,
Kentuky,15,7,,,,
Kentuky,17,8,,,,
Kentuky,19,9,,,,
Louisiana,1,Elderly and disabled,,,,
Louisiana,2,Elderly and disabled,,,,
Louisiana,3,Elderly and disabled,,,,
Louisiana,4,Elderly and disabled,,,,
Louisiana,5,0,,,,
Louisiana,6,1,,,,
Louisiana,7,2,,,,
Louisiana,8,3,,,,
Louisiana,9,4,,,,
Louisiana,10,5,,,,
Louisiana,11,6,,,,
Louisiana,12,7,,,,
Louisiana,13,8,,,,
Louisiana,14,9,,,,
Maine,10,0,9,,,
Maine,11,1,8,,,
Maine,12,2,3,,,
Maine,13,4,7,,,
Maine,14,5,6,,,
Maryland,4,AAA,BAO,,,
Maryland,5,BAP,BQZ,,,
Maryland,6,BRA,CAQ,,,
Maryland,7,CAR,COQ,,,
Maryland,8,COR,DIZ,,,
Maryland,9,DJA,FIS,,,
Maryland,10,FIT,GON,,,
Maryland,11,GOO,HAX,,,
Maryland,12,HAY,JAB,,,
Maryland,13,JAC,KIM,,,
Maryland,14,KIN,LOX,,,
Maryland,15,LOY,MCO,,,
Maryland,16,MCP,NEF,,,
Maryland,17,NEG,PGZ,,,
Maryland,18,PHA,RIC,,,
Maryland,19,RID,SDZ,,,
Maryland,20,SEA,STC,,,
Maryland,21,STD,TRA,,,
Maryland,22,TRB,WES,,,
Maryland,23,WET,ZZZ,,,
Massachusetts,1,0,,,,
Massachusetts,2,1,,,,
Massachusetts,4,2,,,,
Massachusetts,5,3,,,,
Massachusetts,7,4,,,,
Massachusetts,8,5,,,,
Massachusetts,10,6,,,,
Massachusetts,11,7,,,,
Massachusetts,13,8,,,,
Massachusetts,14,9,,,,
Michigan,3,0,,,,
Michigan,5,1,,,,
Michigan,7,2,,,,
Michigan,9,3,,,,
Michigan,11,4,,,,
Michigan,13,5,,,,
Michigan,15,6,,,,
Michigan,17,7,,,,
Michigan,19,8,,,,
Michigan,21,9,,,,
Minnesota,4,4,,,,
Minnesota,5,5,,,,
Minnesota,6,6,,,,
Minnesota,7,7,,,,
Minnesota,8,8,,,,
Minnesota,9,9,,,,
Minnesota,10,0,,,,
Minnesota,11,1,,,,
Minnesota,12,2,,,,
Minnesota,13,3,,,,
Mississippi,4,00,04,,,
Mississippi,5,00,04,,,
Mississippi,6,05,10,,,
Mississippi,7,11,16,,,
Mississippi,8,17,22,,,
Mississippi,9,23,28,,,
Mississippi,10,29,34,,,
Mississippi,11,35,40,,,
Mississippi,12,41,46,,,
Mississippi,13,47,52,,,
Mississippi,14,53,58,,,
Mississippi,15,59,64,,,
Mississippi,16,65,69,,,
Mississippi,17,70,74,,,
Mississippi,18,75,79,,,
Mississippi,19,80,84,,,
Mississippi,20,85,89,,,
Mississippi,21,90,94,,,
Mississippi,22,95,99,,,
Montana,2,0,1,,,
Montana,3,2,3,,,
Montana,4,4,5,,,
Montana,5,6,7,,,
Montana,6,8,9,,,
Nebraska,1,1,2,,,
Nebraska,2,3,4,,,
Nebraska,3,5,6,,,
Nebraska,4,7,8,,,
Nebraska,5,9,0,,,
New Jersey,1,1,2,,,
New Jersey,2,3,4,,,
New Jersey,3,5,6,,,
New Jersey,4,7,8,,,
New Jersey,5,9,0,,,
New Mexico,1,11,31,51,71,91
New Mexico,2,1,21,41,61,81
New Mexico,3,12,32,52,72,92
New Mexico,4,2,22,42,62,82
New Mexico,5,12,33,53,73,93
New Mexico,6,3,23,43,63,83
New Mexico,7,14,34,54,74,92
New Mexico,8,4,24,44,64,84
New Mexico,9,15,35,55,75,95
New Mexico,10,5,25,45,65,85
New Mexico,11,16,36,56,76,96
New Mexico,12,6,26,46,66,86
New Mexico,13,17,37,57,77,97
New Mexico,14,7,27,47,67,87
New Mexico,15,18,38,58,78,98
New Mexico,16,8,28,48,68,88
New Mexico,17,19,39,59,79,99
New Mexico,18,9,29,49,69,89
New Mexico,19,10,30,50,70,90
New Mexico,20,0,20,40,60,80
New York,1,0,1,,,
New York,2,2,,,,
New York,3,3,,,,
New York,4,4,,,,
New York,5,5,,,,
New York,6,6,,,,
New York,7,7,,,,
New York,8,8,,,,
New York,9,9,,,,
North Carolina,3,1,,,,
North Carolina,5,2,,,,
North Carolina,7,3,,,,
North Carolina,9,4,,,,
North Carolina,11,5,,,,
North Carolina,13,6,,,,
North Carolina,15,7,,,,
North Carolina,17,8,,,,
North Carolina,19,9,,,,
North Carolina,21,0,,,,
Ohio,2,0,,,,
Ohio,4,1,,,,
Ohio,6,2,,,,
Ohio,8,3,,,,
Ohio,10,4,,,,
Ohio,12,5,,,,
Ohio,14,6,,,,
Ohio,16,7,,,,
Ohio,18,8,,,,
Ohio,20,9,,,,
Oklahoma,1,0,3,,,
Oklahoma,5,4,6,,,
Oklahoma,10,7,9,,,
Oregon,1,0,1,,,
Oregon,2,2,,,,
Oregon,3,3,,,,
Oregon,4,4,,,,
Oregon,5,5,,,,
Oregon,6,6,,,,
Oregon,7,7,,,,
Oregon,8,8,,,,
Oregon,9,9,,,,
Puerto Rice,4,0,,,,
Puerto Rice,6,1,,,,
Puerto Rice,8,2,,,,
Puerto Rice,10,3,,,,
Puerto Rice,12,4,,,,
Puerto Rice,14,5,,,,
Puerto Rice,16,6,,,,
Puerto Rice,18,7,,,,
Puerto Rice,20,8,,,,
Puerto Rice,22,9,,,,
South Carolina,1,1,**,,,
South Carolina,2,2,,,,
South Carolina,3,3,,,,
South Carolina,4,4,,,,
South Carolina,5,5,,,,
South Carolina,6,6,,,,
South Carolina,7,7,,,,
South Carolina,8,8,,,,
South Carolina,9,9,,,,
South Carolina,10,0,,,,
Tennessee,1,00,04,,,
Tennessee,2,05,09,,,
Tennessee,3,10,14,,,
Tennessee,4,15,19,,,
Tennessee,5,20,24,,,
Tennessee,6,25,29,,,
Tennessee,7,30,34,,,
Tennessee,8,35,39,,,
Tennessee,9,40,44,,,
Tennessee,10,45,49,,,
Tennessee,11,50,54,,,
Tennessee,12,55,59,,,
Tennessee,13,60,64,,,
Tennessee,14,65,69,,,
Tennessee,15,70,71,,,
Tennessee,16,75,79,,,
Tennessee,17,80,84,,,
Tennessee,18,85,89,,,
Tennessee,19,90,94,,,
Tennessee,20,95,99,,,
Utah,5,A,G,,,
Utah,11,H,O,,,
Utah,15,P,Z,,,
Virginia,1,0,3,,,
Virginia,4,4,5,,,
Virginia,7,6,7,,,
Virginia,9,8,9,,,
West Virginia,1,B,X,Y,Z,
West Virginia,2,C,F,,,
West Virginia,3,H,N,V,,
West Virginia,4,I,M,O,U,
West Virginia,5,Q,S,,,
West Virginia,6,A,W,,,
West Virginia,7,J,K,P,,
West Virginia,8,D,E,R,,
West Virginia,9,G,L,T,,
Wisconsin,2,0,,,,
Wisconsin,3,1,,,,
Wisconsin,5,2,,,,
Wisconsin,6,3,,,,
Wisconsin,8,4,,,,
Wisconsin,9,5,,,,
Wisconsin,11,6,,,,
Wisconsin,12,7,,,,
Wisconsin,14,8,,,,
Wisconsin,15,9,,,,
Wyoming,1,A,D,,,
Wyoming,2,E,K,,,
Wyoming,3,L,R,,,
Wyoming,4,S,Z,,,
Washington,1,0,,,,
Washington,2,1,,,,
Washington,3,2,,,,
Washington,4,3,,,,
Washington,5,4,,,,
Washington,6,5,,,,
Washington,7,6,,,,
Washington,8,7,,,,
Washington,9,8,,,,
Washington,10,9,,,,
Texas,1,0,,,,
Texas,3,1,,,,
Texas,5,2,,,,
Texas,6,3,,,,
Texas,7,4,,,,
Texas,9,5,,,,
Texas,11,6,,,,
Texas,12,7,,,,
Texas,13,8,,,,
Texas,15,9,,,,
